{
    "gameObjects": [
        {
            "children": [],
            "components": [],
            "name": "CameraObject",
            "transform": {
                "position": [
                    7.2956342697143555,
                    -2.7829933166503906,
                    3.3618083000183105
                ],
                "rotation": [
                    0.8614652156829834,
                    0.17996947467327118,
                    0.4648215174674988,
                    -0.09710627794265747
                ],
                "scale": [
                    1.0,
                    1.0,
                    1.0
                ]
            }
        },
        {
            "children": [],
            "components": [],
            "name": "MainModel",
            "transform": {
                "position": [
                    0.0,
                    500.0,
                    0.0
                ],
                "rotation": [
                    1.0,
                    0.0,
                    0.0,
                    0.0
                ],
                "scale": [
                    1.0,
                    1.0,
                    1.0
                ]
            }
        },
        {
            "children": [],
            "components": [],
            "name": "Terrain",
            "transform": {
                "position": [
                    0.0,
                    0.0,
                    0.0
                ],
                "rotation": [
                    1.0,
                    0.0,
                    0.0,
                    0.0
                ],
                "scale": [
                    1.0,
                    1.0,
                    1.0
                ]
            }
        },
        {
            "children": [],
            "components": [],
            "name": "Sphere",
            "transform": {
                "position": [
                    0.0,
                    500.0,
                    0.0
                ],
                "rotation": [
                    1.0,
                    0.0,
                    0.0,
                    0.0
                ],
                "scale": [
                    1.0,
                    1.0,
                    1.0
                ]
            }
        }
    ]
}